work_image_url,author,work_title,work_subtitle,work_description,technical_sheet_autor,technical_sheet_fecha,technical_sheet_tecnica,technical_sheet_soporte,technical_sheet_dimension,year_created,is_painting
https://content3.cdnprado.net/imagenes/Documentos/imgsem/00/0012/001233d5-723d-417d-ad0c-f91f3af91a0b/4a8bab74-ca91-450a-b5b7-39dd61e2d7f3.jpg,"Cronenburch, Adriaen van",Dama con una flor amarilla,"Hacia  1567. Óleo sobre tabla, 107 x 79 cm","Esta obra, junto a sus compañeras (P02074, P02075 y P02076) forman una serie de retratos de mujeres,Hacia  1567, de pie y hasta la rodilla, que tienen como fondo la misma arquitectura. Una hornacina central y otras dos apenas visibles en los laterales, separadas por pilastras compuestas por sillares y adornadas con unas pequeñas cabezas de león en el centro, dotan a la serie de una unidad visual, sin duda por estar destinada a una misma galería de retratos. Elementos como la mesa con tapete verde emula los retratos regios de Antonio Moro, pero el tono de Cronenburch es más severo, y sus figuras más rígidas (Texto extractado de Silva Maroto, P.: El retrato del Renacimiento, Museo Nacional del Prado, 2008, p. 245).","Cronenburch, Adriaen van",Hacia  1567,Óleo,Tabla,"Alto: 107 cm;




Ancho: 79 cm",1567.0,True
https://content3.cdnprado.net/imagenes/Documentos/imgsem/00/0013/0013f5d3-96b8-4d1d-ad4c-9dc2b293b485/9af5b176-b4d3-4930-854b-5b5f252829f1.jpg,"González Velázquez, Zacarías","Dos pescadores, uno con caña y otro sentado","1785. Óleo sobre lienzo, 174 x 135 cm","Forma parte de un conjunto de cartones para los tapices destinados a decorar las habitaciones de los Príncipes de Asturias en el Palacio de El Pardo de Madrid. Para la Pieza de Damas del Cuarto de la Princesa se encargó una serie de diez diseños con temas marineros, siendo éste uno de ellos. El tapiz realizado a partir de este cartón se encuentra actualmente en el Palacio de los Borbones en el Monasterio de San Lorenzo de El Escorial (Texto extractado de: Pintura del Siglo XIX en el Museo del Prado: Catálogo General, Madrid: Museo Nacional del Prado, 2015, p. 238).","González Velázquez, Zacarías",1785,Óleo,Lienzo,"Alto: 174 cm;




Ancho: 135 cm",1785.0,True
https://content3.cdnprado.net/imagenes/Documentos/imgsem/00/001a/001a93e7-4cd7-47e0-8fc5-994ecc183b91/4c494f0a-d5ae-45ca-826b-59f4b5fd4398.jpg,"Obra copiada de Cano de la Peña, Eduardo",Tintoretto pintando a su hija muerta (copia),"Hacia  1856. Óleo sobre cartón, 19 x 24,5 cm","Marietta (1560-1590), hija mayor del pintor Jacopo Robusti “il Tintoretto” (1518-1594), pintora y músico. Según la tradición, su padre la pintó mientras yacía muerta en el lecho. Esta pintura, copia del original de Léon Cogniet, muestra la inspiración que ejerció sobre él Luis de Madrazo, a quien Cano de la Peña dedica su obra, con una clara influencia de una de sus obras más destacadas, El entierro de Santa Cecilia (P06555) en las catacumbas de Roma, siendo ésto especialmente evidente en la figura del cadáver de la Santa. El cuadro de Léon Cogniet Le Tintoret peignant sa fille morte (Burdeos, Musée de Beaux Arts), había causado un gran impacto en la crítica y en el público desde su exhibición en el Salón de París de 1848, que poco después, en 1853, ingresaría en el Museo que hoy la conserva. La disposición de la cabeza de la joven echada hacia su nuca en un claro gesto de expiración final, el propio tipo de la muchacha de piel nívea y cabello rubio con rasgos suaves, y el cuerpo –envuelto en una fina prenda de lencería blanca– alzado hasta la cintura dejando los brazos caer a lo largo del mismo, conecta inequívocamente la obra del maestro francés con la citada pintura de Madrazo, en la que se sustituye la presencia de Tintoretto asistiendo a su propia hija por la del Papa Urbano, cuyos rasgos y especialmente la forma de la barba recuerdan el aspecto del maestro veneciano descrito en el cuadro francés, que alude además al autorretrato de Tintoretto en el Museo del Louvre.Cabe recordar que el cuadro de Cogniet gozó de un especial reconocimiento en el ámbito de influencia de los Madrazo: Leopoldo Sánchez del Bierzo, uno de los más estrechos colaboradores de Federico de Madrazo, realizó una copia del cuadro (Madrid, Museo de la Real Academia de Bellas Artes; Vicente Palmaroli realizaría otra copia (colección particular); pero sobre todo es conocido cómo se detuvo ante ella Eduardo Rosales de camino a Italia, encomiándola en su agenda de bolsillo de tal modo que Salas la llegó a tomar como uno de los puntos de origen de Doña Isabel la Católica dictando su testamento (P04625). Luis de Madrazo conservó durante toda su vida esta copia pintada por el andaluz Eduardo Cano de la Peña, discípulo de su hermano Federico (Texto extractado de G. Navarro, C.: ""Luis de Madrazo, pensionado en Italia: El entierro de Santa Cecilia y sus dibujos preparatorios en el Museo del Prado"", en Boletín del Museo del Prado. Museo del Prado, 2007, p. 130).","Obra copiada de Cano de la Peña, Eduardo",Hacia  1856,Óleo,Cartón,"Alto: 19 cm;




Ancho: 24,5 cm",1856.0,True
https://content3.cdnprado.net/imagenes/Documentos/imgsem/00/0024/00242406-4c04-495a-ba6b-d039bb7aa78d/852368fd-f744-4388-b902-f01ce0bd09b4.jpg,"Dubbels, Hendrick Jacobsz",El puerto de Ámsterdam en invierno,"1656 - 1660. Óleo sobre lienzo, 67 x 91 cm","Se trata de una de las pocas escenas invernales conservadas de este pintor. Dubbels se aparta de la tradición flamenca y se sitúa ya en la holandesa establecida por Hendrick Avercamp, más interesada en la representación del paisaje real cubierto de hielo y nieve que en la minuciosa reproducción de escenas anecdóticas. En este caso se trata de una de las características vistas del muelle oriental del puerto de Ámsterdam en las que Dubbels se ocupó entre 1654 y 1660, es decir, en la segunda etapa de su quehacer artístico, cuando abandonó la gama monocromática característica de sus primeras obras por un brillante colorido. Como es característico de los paisajes holandeses, la línea del horizonte es muy baja, de forma que el cielo ocupa casi las tres cuartas partes de la composición. Los mástiles de las embarcaciones recortándose contra el cielo rompen la horizontalidad de la composición y la dotan de dinamismo. La pincelada es delicada y uniforme. La entonación fría, a base de azules y grises con toques de rosa en el horizonte, es la habitual en las escenas de invierno de Dubbels (Texto extractado de Posada Kubissa, T.: Pintura holandesa en el Museo Nacional del Prado. Catálogo razonado, 2009, p. 60).","Dubbels, Hendrick Jacobsz",1656 - 1660,Óleo,Lienzo,"Alto: 67 cm;




Ancho: 91 cm",1656.0,True
https://content3.cdnprado.net/imagenes/Documentos/imgsem/00/0038/00384038-e880-4256-bbb5-8979348530c6/a173ac46-5a43-47ba-b503-5fb8136ec593.jpg,"Balaca y Orejas Canseco, Ricardo",Santa Cruz sobre las aguas (boceto),"Hacia  1865. Óleo sobre lienzo, 41 x 54 cm","Este boceto también se conoce por el título Toma de posesión de las aguas de Cádiz por Alfonso X. Es el boceto para el cuadro que se conserva en el Alcázar de Segovia (óleo sobre lienzo, 250 x 300 cm.), realizado para el concurso convocado por la Academia de Bellas Artes de Cádiz en 1865. El Museo del Prado conserva además un dibujo preparatorio (D-02379). Aquello que se representa, como tema iconográfico, es el momento en que, en el año 1262, tras la conquista y expulsión de los musulmanes de la ciudad de Cádiz, el rey Alfonso X mandó clavar una cruz sobre las aguas de la playa gaditana para simbolizar su control sobre el océano que separa la Península Ibérica de África y el imperio de la religión cristiana sobre el islam.","Balaca y Orejas Canseco, Ricardo",Hacia  1865,Óleo,Lienzo,"Alto: 41 cm;




Ancho: 54 cm",1865.0,True
https://content3.cdnprado.net/imagenes/Documentos/imgsem/00/0049/004953ea-dd22-4a52-8744-af5da2651ba3/e357568b-d1e2-4a3e-b93c-8722bf0dec66.jpg,"Rosales Gallinas, Eduardo",Santa Margarita y el dragón / Desnudo en un interior,"Hacia  1858. Pluma, Tinta parda sobre papel amarillento, 195 x 125 mm","Rápido apunte que representa a la patricia romana Santa Margarita de Antioquía, en pie y de cuerpo entero, ahuyentando a la encarnación del demonio en forma de un monstruoso dragón, del que se aparta blandiendo un crucifijo apenas esbozado en su mano izquierda. Inspirado en las trazas generales en el lienzo de Tiziano que se conserva en el Museo del Prado (P00445). Rosales interpreta la figura de la mártir con un lenguaje rafaelesco, tanto en las proporciones y modelo humano como, sobre todo, en el trazo curvo y armonioso con que están resueltos los pliegues del manto movido por el viento o las piernas de la santa, de genuino clasicismo romano (Díez, J. L., Eduardo Rosales [1836-1873:] Dibujos. Catálogo razonado, Santander, 2007, p. 185).","Rosales Gallinas, Eduardo",Hacia  1858,Pluma; Tinta parda,Papel amarillento,"Alto: 195 mm;




Ancho: 125 mm",1858.0,True
https://content3.cdnprado.net/imagenes/Documentos/imgsem/4f/4f0f/4f0f64a9-52cb-4bf7-b6de-5d8bb10cb3cd/53e71194-7f34-45e6-b61b-10e9d6c43ce1.jpg,"Torre y Estefanía, Rafael de la",¡Inclusero!,"1901. Óleo sobre lienzo, 129 x 138 cm","En 1892 Sorolla conoció el éxito con ¡¡Otra Margarita!!, pintura que se hizo famosa por la acalorada polémica que suscitó su argumento: en un vagón de tercera, una joven con esposas aparece acompañada por dos guardias civiles que la llevan a cumplir con la ley. La culpa está implícita en el título, pues como la Margarita de Goethe, la muchacha debió de acabar con la vida de su hijo ilegítimo. Tanto el aborto como el parricidio eran tabús para la opinión pública de entonces, por lo que la audacia del pintor valenciano resultó impactante.El cuadro de Torre y Estefanía alude a aquella famosa parricida a través a través de la muchacha -aquí sola y sin escolta-situada al fondo, cuyo gesto de abatimiento evidencia cierta culpabilidad ante la presencia de una nodriza de las que subsidiaba el Estado para dar el pecho a niños incluseros de corta edad. El ama de leche, rodeada de viandas, se concentra en su labor, mientras dos hombres permanecen completamente ajenos a la escena.La pintura recibió una tercera medalla en la Exposición Nacional de 1901. La crítica reconoció sus lazos con la obra de Sorolla, y valoró su vocación realista, aunque esquivó mayoritariamente el referirse a su argumento. Rafael Balsa de la Vega, sin embargo, se refirió a él con discreción, ensalzando la capacidad del pintor para encontrar ""lleza en los afectos íntimos""
G. Navarro, Carlos, Invitadas. Fragmentos sobre mujeres, ideología y artes plásticas en España (1833-1931), Madrid, Museo Nacional del Prado, 2020, p.168 nº 21","Torre y Estefanía, Rafael de la",1901,Óleo,Lienzo,"Alto: 129 cm;




Ancho: 138 cm",1901.0,True
https://content3.cdnprado.net/imagenes/Documentos/imgsem/4f/4f1d/4f1dd470-81e4-44ae-af5f-f1658886252c/2819a71c-988b-4656-b6b9-f02352a3ae82.jpg,"Goya y Lucientes, Francisco de","Luis de Borbón, príncipe de Parma y rey de Etruria","1800. Óleo sobre lienzo, 72,5 x 59,4 cm","Hijo de Fernando, duque de Parma, y la archiduquesa María Amelia de Lorenza, nació en 1773 en Piacenza. Casó en 1795 con la infanta española María Luisa Josefina. Proclamado primer rey de Etruria en 1801, por expreso deseo de Napoleón, murió en Florencia en 1803. En este boceto para La familia de Carlos IV (P00726) el cabello está admirablemente captado en movimiento y textura y el rostro perfectamente definido, pero Goya deja apenas esbozado el resto de la figura. Lleva las placas de Carlos III y San Jenaro, y el Toisón.","Goya y Lucientes, Francisco de",1800,Óleo,Lienzo,"Alto: 72,5 cm;




Ancho: 59,4 cm",1800.0,True
https://content3.cdnprado.net/imagenes/Documentos/imgsem/4f/4f31/4f31767b-a0f8-4bdb-a08d-7510c5a745df/672b6173-adff-4132-b101-ab1b322e235e.jpg,"Larraz y Micheto, Carlos",La prisión de Lanuza,"1858. Óleo sobre lienzo, 372 x 314 cm","El cuadro representa el momento en el que Juan de Lanuza (Zaragoza, 17564-1591), Quinto Justicia Mayor de Aragón, fue detenido para ejecutar en 1591 por orden del rey Felipe II, cuyas tropas, al mando de Alonso de Vargas, han entrado en Zaragoza. Este episodio se recoge en el catálogo de la Exposición Nacional de Bellas Artes de 1858: ""En bajando el Justicia adonde Juan de Velasco estaba con disimulación aguardando, que era al pié de la escalera, se le allegó y con muy buen término, como de caballero y soldado plático, le dijo se diese a prisión, que S.M. lo mandaba así. No se turbó el Justicia, pero dijo: a mí nadie me puede prender sino sea el mismo Rey, y volviendo a sus lugartenientes, que iban con él acompañándole para oir misa en San Juan del Puente, como acostumbraba, les preguntó si era aquello así que puediesen prenderle... y solo uno dijo: S.M. todo lo puede, y en esto le rodearon, año 1591"". (Texto extractado de: Pinturas del Siglo XIX en el Museo del Prado: Catálogo General, Madrid: Museo Nacional del Prado, 2015, p. 314).","Larraz y Micheto, Carlos",1858,Óleo,Lienzo,"Alto: 372 cm;




Ancho: 314 cm",1858.0,True
https://content3.cdnprado.net/imagenes/Documentos/imgsem/4f/4f38/4f385017-35d9-4d74-b418-dc7605580549/c7fc3f96-84d5-4c70-9582-2485fbc665a8.jpg,"Atribuido Herrera el Mozo, Francisco de",Escena religiosa / Estudio para una piedad,"Segunda mitad del siglo XVII. Aguada parda, Lápiz negro, Pluma sobre papel azulado, 253 x 360 mm","A pesar de no identificar el asunto de la composición ni el lienzo para el que sirvió de modelo, el dibujo presenta características estilísticas del artista Francisco Herrera el Mozo (Sevilla, 1627-Madrid, 1685) durante su estancia en Madrid, tanto en relación con su trayectoria pictórica como con sus dibujos. Asimismo, el Museo del Prado conserva un dibujo atribuido por Jonathan Brown y confirmado por Alfonso Pérez Sánchez (Elías en el carro de fuego, D00221), con el que guarda relación estilística.","Atribuido Herrera el Mozo, Francisco de",Segunda mitad del siglo XVII,Aguada parda; Lápiz negro; Pluma,Papel azulado,"Alto: 253 mm;




Ancho: 360 mm;




Alto segundo soporte: 260 mm;




Ancho segundo soporte: 364 mm",1627.0,True
https://content3.cdnprado.net/imagenes/Documentos/imgsem/4f/4f40/4f405157-fc39-45bd-a82f-6e70e978968b/98732249-fbd8-4630-ac20-0269593a677a.jpg,"Dyck, Anton van",Endymion Porter y Anton van Dyck,"Hacia  1633. Óleo sobre lienzo, 119 x 144 cm","Endymion Porter (1587-1649), protector y amigo de Van Dyck, fue secretario del duque de Buckingham y un importante diplomático de la corte inglesa. Gran aficionado a las artes, fue el encargado de adquirir obras para la colección del rey Carlos I, siendo uno de los mejores apoyos del artista durante su estancia en Londres. El aristócrata aparece de frente y vestido de satén blanco, mientras que el pintor, de negro, está situado de perfil, más bajo, para no destacar por encima de la figura del aristócrata. En este cuadro Porter aparece junto a Van Dyck en el único que conocemos en el que el pintor se representó en compañía de otra persona. Aunque las circunstancias que llevaron al pintor a realizar este cuadro no son conocidas, su estilo indica que realizó entre 1632 y 1635 aproximadamente, durante los primeros años de su estancia en Inglaterra o durante los meses que pasó en los Países Bajos españoles en el invierno de 1634-1635, cuando el pintor tenía en torno a treinta y cinco años y Porter cuarenta y siete. Es posible que este retrato, en el que se ensalza la amistad entre el aristócrata inglés y el pintor flamenco, se realizase en agradecimiento por el apoyo que Porter prestó al pintor en Londres, que le permitió llegar a ser pintor de la corte de Carlos I.La roca sobre la que los dos personajes apoyan una mano es un símbolo de la solidez de su amistad, idea a la que contribuye también el formato ovalado del cuadro, que ayuda a crear una sensación de proximidad entre ambos. Por otro lado, la posición privilegiada del aristócrata, que aparece de frente mientras que el pintor es mostrado de perfil, responde a los prejuicios de la sociedad de la época. A la característica y refinada elegancia de los retratos del autor, que definen las poses, las manos y los rasgos estilizados, además de la cortina y la columna que sirven de fondo a la escena, se suman la exquisitez de la ejecución y la armonía que existe entre la composición y el formato ovalado del cuadro, para completar uno de los retratos más bellos del gran retratista de Amberes (Texto extractado de Malcolm, A.; Vergara, A.: La almoneda del siglo. Relaciones artísticas entre España y Gran Bretaña, 1604-1655, Museo del Prado, 2002, pp. 176-178)","Dyck, Anton van",Hacia  1633,Óleo,Lienzo,"Alto: 119 cm;




Ancho: 144 cm",1633.0,True
https://content3.cdnprado.net/imagenes/Documentos/imgsem/4f/4f44/4f44351b-0f3c-4deb-90cb-3f2d85f2b092/ab411819-edfb-4a1f-a14d-73e26c3760a4.jpg,"Rubens, Pedro Pablo","María de Medicis, reina de Francia","Hacia  1622. Óleo sobre lienzo, 131 x 108 cm","María de Médicis (1573-1642) fue hija de Francisco I, Gran Duque de Toscana, y se casó en 1600 con Enrique IV de Francia. Desde 1610 asumió la regencia en nombre de su hijo Luis XIII. Encargó a Rubens una serie de cuadros para exaltar y glorificar su figura y la de su difunto esposo. Rubens debió de pintar el retrato de la viuda de Enrique IV de Francia durante sus viajes a París en el invierno de 1622 para realizar un ciclo pictórico en el Palacio de Luxemburgo. El fondo del cuadro, apenas bosquejado, indica que la imagen no fue finalizada, pero el artista captó magníficamente el poder político que aún mantenía la reina madre, ataviada con traje de viuda.La obra permaneció en poder de Rubens hasta su muerte, y se documenta después en poder del gobernador español de los Países Bajos meridionales, el cardenal-infante don Fernando, quien la envió a su hermano, el rey Felipe IV.","Rubens, Pedro Pablo",Hacia  1622,Óleo,Lienzo,"Alto: 131 cm;




Ancho: 108 cm",1622.0,True
https://content3.cdnprado.net/imagenes/Documentos/imgsem/8e/8ebe/8ebee6bc-b479-4f10-85a6-1c23175c589a/62742cff-fcde-45e3-98c9-8366a6f70367.jpg,"Lawrence, Thomas",Dama de la familia Storer,"1810 - 1820. Óleo sobre lienzo, 240 x 148 cm","La modelo, retratada de cuerpo entero, aparece sentada en una galería abierta a un parque. Luce un amplio vestido de línea Imperio, ostenta un chal sobre los brazos y se toca con una especie de cofia-turbante. Es un retrato característico del pintor británico, que supo infundir a sus modelos un aire de serena distinción.","Lawrence, Thomas",1810 - 1820,Óleo,Lienzo,"Alto: 240 cm;




Ancho: 148 cm",1810.0,True
https://content3.cdnprado.net/imagenes/Documentos/imgsem/8e/8ecc/8ecca6c6-b6f0-4e75-8380-492a068f65ae/0f8733d1-a1d2-40ec-9f8e-68610da0cee9.jpg,"Salvador Carmona, Manuel",François Boucher,"1761. Sanguina sobre papel verjurado, 365 x 257 mm","Dibujo del retrato del pintor, de tres cuartos, apoyado en el respaldo de una butaca, mira al espectador y sostiene en la mano derecha el carboncillo de dibujar. Todo encuadrado en una cartela o marco oval, ante la cual se muestran la paleta, los pinceles, el tiento, una carpeta de dibujo y un rollo de papeles.Como indica la inscripción, es dibujo preparatorio para un grabado. El dibujo copia el lienzo de Roslin pintado en 1760 que se conserva hoy en Versalles. La estampa, grabada en 1761, valió a Carmona el año siguiente el titulo de Académico de la Academia Francesa de Bellas Artes. El museo conserva un ejemplar de la estampa de Carmona (G2963).
Pérez Sánchez, Alfonso E., Museo del Prado, Catálogo de Dibujos, III. Dibujos Españoles. Siglo XVIII. C-Z, Madrid, 1977, p.105","Salvador Carmona, Manuel",1761,Sanguina,Papel verjurado,"Alto: 365 mm;




Ancho: 257 mm",1761.0,True
https://content3.cdnprado.net/imagenes/Documentos/imgsem/8e/8ed4/8ed412de-ced3-49ec-b033-e50c1b1211e5/1052face-3029-4ddb-bd27-857b4798076f.jpg,"Álvarez de Sotomayor y Zaragoza, Fernando",Sátiro y ninfas / Retrato de señora,"1924. Óleo sobre táblex, 54,5 x 63 cm","Boceto del cuadro Sátiro y ninfas o Fauno sorprendiendo a unas ninfas (colección particular). Al dorso, Retrato de señora.","Álvarez de Sotomayor y Zaragoza, Fernando",1924,Óleo,Táblex,"Alto: 54,5 cm;




Ancho: 63 cm",1924.0,True
https://content3.cdnprado.net/imagenes/Documentos/imgsem/8e/8ed4/8ed41a41-abf2-468d-8f9d-4a16935202c1/ce81da6d-ca4e-4133-b8b0-39851f61c958.jpg,"Goya y Lucientes, Francisco de",Escapan entre las llamas,"1810 - 1814. Aguafuerte, Buril sobre papel avitelado, ahuesado, 162 x 236 mm","Goya trató no tanto de dejar constancia de hechos concretos sino de captar la esencia de los mismos. Se sitúa de este modo en un plano contiguo a la acción, tomando parte en el suceso como nunca hasta ahora artista alguno había realizado. De ahí también la proximidad de las figuras que protagonizan cada uno de los Desastres, monumentales, muy cercanas a nuestro plano de visión, y que apenas dejan espacio para lo anecdótico de los fondos. Es posible interpretar los desastres a partir de hechos concretos documentados. Lo que acontecía en estos años estaba en boca de todos, en la calle, en la prensa, en los panfletos, en la literatura e incluso en el teatro. Goya es capaz de crear imágenes completamente nuevas a partir de estos hechos y de la información que generaron; partiendo de la realidad, la transforma en imágenes nuevas, sin equivalente formal hasta entonces, y que se van a convertir en referentes universales de los desastres que genera la guerra. Los Desastres son la máxima expresión que un artista haya sido capaz de realizar de la irracionalidad de la violencia y de sus terribles consecuencias sobre el Hombre. Lo esencial de estas obras es su intención de universalizar el tema de la violencia, de mostrar la esencia del mal que acarrea, y de brindarnos unas imágenes ante las que no podamos permanecer indiferentes, ya que su mera contemplación es como un puñetazo a nuestra conciencia. Otro aspecto esencial de esta serie son los títulos, que contrastan con los empleados en el resto de estampas de esos años. Como ya ocurriera con los Caprichos, estas lacónicas expresiones que acompañan a las imágenes en su parte inferior distan mucho de los descriptivos textos del resto de estampas editadas durante la guerra y en los años posteriores con fines conmemorativos. En ocasiones una sola palabra le basta a Goya no solo para sintetizar la idea expresada en la imagen sino también para informarnos sobre la calificación moral que le merecen estos actos. Como ya ocurriera en los Caprichos, Goya no organiza con rigor las ochenta estampas. Pese a la existencia de dos numeraciones en las planchas, no es posible determinar con certeza qué criterios aplicó Goya en la ordenación de la serie. Es posible advertir tres grandes grupos, pero dentro de cada parte los temas se repiten, se alternan, se producen breves concatenaciones de imágenes reforzadas por los títulos, pero no siempre se sigue un orden metódico en el que se agrupen todas las estampas de un mismo tema. Parece como si Goya quisiera mostrar lo aleatorio que existe en la guerra, donde no se sabe qué es lo siguiente que va a pasar. Pese a todo, es posible realizar agrupaciones temáticas que ayudan a entender los distintos aspectos abordados por Goya, teniendo siempre presente que es la muerte la protagonista indiscutible de estas obras y alrededor de la que todo gira. Frente a las imágenes heroicas y aduladoras, Goya presenta la violencia y la muerte en sus más puras expresiones. Nada más explícito que ver sus lienzos del 2 y 3 de Mayo para comprender su escaso éxito conmemorativo en un ambiente en el que el patriotismo exacerbado y la adulación sin límites tenían su reino. Las obras de Goya de contenido bélico no muestran a los héroes militares o populares que lucharon contra los franceses, de todos conocidos gracias a las publicaciones y a las galerías de retratos grabados, ampliamente difundidos en la España de su tiempo. Por el contrario Goya nos muestra, partiendo de acontecimientos reales, la esencia de los mismos, la representación universal del heroísmo, la brutalidad, el hambre, la desesperación, la destrucción, pero sobre todo la muerte. Y todo ello protagonizado por el pueblo anónimo, verdadera víctima de la guerra. Este protagonismo de la población, de los combatientes, y en suma, del ser humano, es un aspecto igualmente esencial en los Desastres. Al utilizar casi con exclusividad el aguafuerte, logra que las líneas de las figuras destaquen contundentemente sobre fondos casi vacíos, sin apenas matices tonales, acentuando así el dramatismo del horror y la muerte mostrado en las escenas elegidas. Destacan así las figuras, anónimas, ubicadas en espacios indeterminados. Compositivamente recurre con frecuencia a esquemas piramidales en los que la combinación y confrontación del blanco y el negro tienen valores dramáticos y simbólicos, dirigiendo así la mirada del espectador hacia los aspectos más relevantes del asunto representado. De este modo la distancia entre espectador y protagonista se reduce notablemente, logrando una proximidad que no se para solamente en lo visual sino que trasciende al plano emocional. He aquí el objetivo verdadero de Goya, emocionar al espectador/lector de estas estampas. (Texto extractado de: Matilla, J.M., Estampas españolas de la Guerra de la Independencia: propaganda, conmemoración y testimonio, en: Cuadernos Dieciochistas, Salamanca: Universidad de Salamanca, no8, 2007, págs. 260-265)","Goya y Lucientes, Francisco de",1810 - 1814,Aguafuerte; Buril,"Papel avitelado, ahuesado","Alto: 162 mm;




Ancho: 236 mm",1810.0,True
https://content3.cdnprado.net/imagenes/Documentos/imgsem/8e/8ed6/8ed6973e-33c9-40e6-9a3f-7821b551340f/daecf076-5b46-4831-a4a3-7a21b8113f77.jpg,"Bayeu y Subías, Francisco",San Juan evangelista,"1771. Óleo sobre lienzo, 58 x 58 cm","Bocetos para las pechinas de la cúpula de la colegiata de La Granja (Segovia). Bayeu continuó el proyecto iniciado por Giambattista Tiepolo, fallecido en 1770, confiriendo a las composiciones la armonía, solidez y claridad aprendidas durante su formación con Mengs. Tres de los evangelistas aparecen en actitud de escribir inspirados por ángeles, mientras que Lucas, patrón de los pintores, sujeta un cuadro con la Virgen y el Niño.","Bayeu y Subías, Francisco",1771,Óleo,Lienzo,"Alto: 58 cm;




Ancho: 58 cm",1771.0,True
https://content3.cdnprado.net/imagenes/Documentos/imgsem/8e/8ed7/8ed771aa-8b34-4120-bccd-67b543bbf9be/33b106e2-ef69-42b4-9462-ad25e1e19fb1.jpg,"Clifford, Jane",Delfín,"Hacia  1863. Albúmina sobre papel fotográfico, 238 x 133 mm","Las fotografías de las piezas del Tesoro del Delfín, pertenecientes entonces al Museo Real de Pinturas, fueron tomadas en torno a 1863 por Jane Clifford, ""fotógrafa inglesa de Madrid"", con destino al South Kensington Museum de Londres, hoy Victoria & Albert. El encargo lo hizo el conservador J. C. Robinson con fines pedagógicos: facilitar modelos a los estudiantes de artes decorativas.Como era habitual en la época, Jane fotografió las piezas al aire libre debido a la todavía baja sensibilidad de las placas fotográficas a la luz. Utilizó negativos de vidrio al colodión húmedo, a partir de los cuales obtenía, por contacto, positivos sobre papel que después pegaba sobre un cartón. La fotógrafa conservó los negativos y vendió copias de los positivos no solo al South Kensington Museum sino también al Prado y al Konstmuseum de Gotemburgo (Suecia), además de a Patrimonio Nacional.Británica nacida hacia 1821/22, llegó a Madrid en 1850 como aeronauta (participó en exhibiciones de ascenso en globo aerostático), en compañía de su marido, el galés Charles Clifford, que ese mismo año abrió un gabinete fotográfico en Madrid. Como muchas mujeres de su época, Jane colaboró con su pareja en las labores propias de la profesión, lo que le permitió, tras quedarse viuda, seguir con el negocio, realizar el encargo del Tesoro y abrir un nuevo estudio. Documentada en Madrid hasta 1866, fue una de las primeras mujeres registradas en la Société Française de Photographie (en 1856).
Fontanella, Lee, Clifford en España: un fotógrafo en la corte de Isabel II, Madrid, El Viso, 1999, p.303, n. 570",,Hacia  1863,Albúmina,Papel fotográficoSegundo soporte: Cartulina,"Alto: 238 mm;




Ancho: 133 mm;




Alto segundo soporte: 316 mm;




Ancho segundo soporte: 243 mm",1863.0,True
https://content3.cdnprado.net/imagenes/Documentos/imgsem/e2/e20a/e20ab84c-ef81-4287-bc72-802b421757d3/c89cbb41-3571-4cf4-adb4-2a2dc29e3a59.jpg,"Maella, Mariano Salvador",El Invierno,"1805 - 1806. Óleo sobre lienzo, 143 x 85 cm","En el interior de una casa, ante un paisaje nocturno y nevado, un matrimonio de campesinos se calienta al fuego junto a una mesa con una cena preparada. Posiblemente la escena aluda al mito de Hades y Perséfone vinculado a esta estación, durante la cual Perséfone vive en los Infiernos con Hades, su secuestrador, rechazando la comida que él prepara para retenerla en su reino.","Maella, Mariano Salvador",1805 - 1806,Óleo,Lienzo,"Alto: 143 cm;




Ancho: 85 cm",1805.0,True
https://content3.cdnprado.net/imagenes/Documentos/imgsem/e2/e212/e212d11f-be71-4d7e-a944-6664c46dd21c/f90451c7-43fe-4e59-abc3-3f6876d62dc6.jpg,"Ribera y Fernández, Juan Antonio",Alegoría de la Noche,"Hacia  1819. Óleo sobre lienzo, 87 x 54 cm","Cuarto de los cuatro lienzos pertenecientes a la serie de alegorías de Las Horas del día (junto con P4471, P4472 y P5823), pintadas por Juan Antonio de Ribera y José de Madrazo con destino a la decoración del desaparecido palacete conocido como Casino de la Reina y regalado por el Ayuntamiento de Madrid a la reina Isabel de Braganza. Representa a la Noche, encarnada por una victoria alada, coronada de adormideras. Se inspira directamente en las figuras femeninas aisladas procedentes de las pinturas de Pompeya y Herculano, popularizadas desde su descubrimiento a través del grabado. Las alegorías de las distintas horas del día forma, junto a la serie sobre Las estaciones del año para la decoración del Casino, uno de los más interesantes ciclos de este género de la pintura neoclásica española, cuyo antecedente más inmediato en España hay que buscarlo en los lienzos pintados por Mengs para el Tocador de la Reina del Palacio Real de Madrid, sin embargo de composición e iconografía bien distintas. Por el contrario los lienzos pintados por Madrazo y Ribera para el Casino son reflejo de la moda por este tipo de alegorías de ciclos temporales, emanada desde Francia en tiempos de la Revolución, retomando modelos de figuras decorativas en vuelo de la pintura y escultura clásicas romanas, especialmente los relieves de la Basilica de Porta Maggiore en Roma, que inundarían Europa con la moda imperio en pinturas y estampas de la más diversa entidad, repitiendo casi siempre esquemas compositivos muy similares, a las que tampoco son ajenos los modelos de Flaxman.El conjunto es citado en el Inventario manuscrito del pintor José de Madrazo: ""Durante su permanencia en Roma, en este segundo viaje, (...) pintó los 4 siguientes para la Casita rústica del Casino de la Reyna en Madrid. / 4 cuadros que representan cuatro horas del día, 1819; y están colocados en la expresada Casita"". (Díez, J.L.: José de Madrazo (1781-1859) 1998, pp. 275-277).","Ribera y Fernández, Juan Antonio",Hacia  1819,Óleo,Lienzo,"Alto: 87 cm;




Ancho: 54 cm",1819.0,True
https://content3.cdnprado.net/imagenes/Documentos/imgsem/e2/e21f/e21ff526-9877-4726-a7d6-ee28eae8ff27/90202d4c-873c-4afc-b6ce-e290ab04a304.jpg,"Rico y Ortega, Martín",La Torre de las Damas en la Alhambra de Granada,"1871. Óleo sobre lienzo, 63,5 x 40 cm","Obra que representa una etapa de gran importancia en la trayectoria de Rico que, en contacto directo con Fortuny, pintó en Granada en 1871 y 1872. A finales de 1870 el pintor se trasladó a la ciudad andaluza, que ya conocía, pues en 1857 había pintado en Sierra Nevada. Le había invitado su amigo, que le escribió para que se reuniese con él y con su cuñado Ricardo de Madrazo, el 18 de noviembre de ese año. Los tres artistas trabajaron, según recordaba Rico, cada uno por separado, pintando del natural. Hospedados en cuartos anejos en la Fonda de los Siete Suelos, situada en las alamedas de la Alhambra, pintaron a menudo allí.Así, distintos aspectos de Granada se convirtieron de modo natural en objeto de óleos y acuarelas, en los que desarrolló un nuevo sentido de la luz, muy afín al de Fortuny. Como pintor específicamente paisajista, conocía el lugar muy bien y había sopesado con cuidado los posibles asuntos, según revela el hecho de que, cuando su amigo el pintor alsaciano Jules Worms llegó allí para una estancia de seis semanas, le hizo inmediatamente una lista de lugares que debía visitar para pintar. Entre ellos le interesó la Alhambra, pero vista desde el exterior, pues ello le permitía captar el armónico conjunto de la arquitectura integrada en la vegetación. En este caso eligió un motivo cuyo núcleo es el antiguo edificio de la Torre de las Damas, junto al Partal (pórtico), de principios del siglo XIV, en la muralla del recinto de la Alhambra. En el primer tercio del siglo XIX pasó, por poco dinero, de pertenecer al Real Patrimonio, a un propietario particular que la adaptó para vivienda.En su preparación de la obra, el pintor tomó diferentes apuntes del natural a lápiz de las líneas maestras de los edificios, que revelan su agilidad característica. En el cuadro final el artista desplazó el punto de vista más al norte, lo que le permitió representar las fachadas a ese lado de las casas junto a la torre. Al bajar también el punto de vista, la arquitectura aparece rodeada por la vegetación del bosque de la Alhambra, que trepa asimismo por las murallas. Los dos altos álamos verdecidos, cuyos troncos corta el borde superior del lienzo, lo que aumenta la sensación de esbeltez, aparecen como un pórtico o preludio de gran elegancia de las arquitecturas, que tienen un eco en las del Generalife, al fondo. La composición aparece animada de modo sutil por pequeñas figuras de niños y animales. Los tres niños en torno a una gran jaula, y el gato, tienen relación con los que aparecen en diferentes estudios que Rico realizó en esa época, que atestiguan el interés que sintió por el motivo. En algunas otras obras pintadas en Granada el artista representó también niños jugando con fondo de arquitecturas, y esa escala de representación de los niños con el resto de la composición aparece asimismo en algunos cuadros de Fortuny.La finura con que el pintor muestra las diferentes calidades de la pared y su distinta textura y relieve, revela un espíritu próximo al de Fortuny en la búsqueda de las calidades materiales. La serenidad de la composición, la tersura de la atmósfera y la frescura del colorido son, sin embargo, características propias de los paisajes de esta época del artista, que la crítica destacó en la Exposición Universal de 1878 como los mejores y que le valieron a su autor una medalla de tercera clase. En paisajes como éste se transparenta una calma en la atmósfera que no existe en los cuadros de Fortuny. Su equilibrio en la composición y su finura en el tratamiento de la luz, como suspensa, da a este paisaje, trabajado del natural y a una hora precisa, un cierto sentido de apacible perennidad (Texto extractado de Barón, J. en: El siglo XIX en el Prado, Museo Nacional del Prado, 2007, pp. 318-321).","Rico y Ortega, Martín",1871,Óleo,Lienzo,"Alto: 63,5 cm;




Ancho: 40 cm",1871.0,True
https://content3.cdnprado.net/imagenes/Documentos/imgsem/e2/e223/e22337a1-c25a-403e-81a3-7987af9b78b6/932cd2f3-7dcb-4ab7-a939-3229480a2498.jpg,"Raeth, Ignacio",Alegoría de las Artes y las Ciencias,"1649. Óleo sobre lienzo, 82 x 116 cm","Las artes plásticas aparecen representadas por una paleta cargada de pinceles y una cabeza antigua, la música por una partitura, las letras por un tintero y varios libros, y la geografía por un globo terráqueo. El carácter de vánitas de la obra aparece subrayado por la presencia de una calavera coronada de laurel en la parte izquierda del lienzo, inequívoco símbolo del triunfo de la muerte y de la vanidad de los logros terrenales. La simbología de la obra parece clara: la inutilidad de acumular saberes y fama ante la inexorabilidad de la muerte (Texto extractado de González Escribano, R.: Enciclopedia Museo del Prado, 2006, tomo II, p. 453).","Raeth, Ignacio",1649,Óleo,Lienzo,"Alto: 82 cm;




Ancho: 116 cm",1649.0,True
https://content3.cdnprado.net/imagenes/Documentos/imgsem/e2/e229/e229f29b-6acf-464a-a47d-336f2d3a76e5/3d2d5ac9-be18-4919-8558-d889f5578694.jpg,"Camilo, Francisco","Santa Ana, San Joaquín y la Virgen","1652. Óleo sobre lienzo, 234 x 174 cm","Aunque no aparezca registrado en ninguno de los inventarios conocidos, la procedencia de este lienzo del convento de carmelitas descalzos de Toledo es segura, dado que forma pareja con la obra San José con el Niño dormido en brazos (P5170), de idénticas medidas, fechado el mismo año y asunto complementario. El hecho de que la Virgen niña aparezca vestida con el hábito carmelitano parece asegurar aún más su procedencia. Cruzada Villaamil (1865, n. 547, p. 37) registró este cuadro como procedente del convento de San Hermenegildo, del Carmen descalzo, de Madrid, seguramente creyendo que era el lienzo con Santa Ana con la Virgen Niña registrado allí por Ceán (1800, I, p. 198). Sin embargo, según el inventario de pinturas de ese convento, de 1783, publicado por el conde de Polentinos en 1933, el cuadro de los carmelitas descalzos de Madrid medía sólo 5 x 4 palmos. Barrio Moya (1983) ha señalado como procedencia el convento del Caballero de Gracia, identificándolo con la obra Santa Ana enseñando a leer a la Virgen, 1394.
Álvarez Lopera, José, El museo de la Trinidad: historia, obras y documentos, Madrid, Museo Nacional del Prado, 2009, p.87","Camilo, Francisco",1652,Óleo,Lienzo,"Alto: 234 cm;




Ancho: 174 cm",1652.0,True
https://content3.cdnprado.net/imagenes/Documentos/imgsem/e2/e23a/e23a787e-c906-4466-8fce-c4c837f443e7/fd99110d-dd20-4fe9-9023-c3a90b59cea2.jpg,"Haes, Carlos de",Camino de las montañas (Asturias),"Hacia  1874. Óleo sobre papel pegado en cartón, 36,7 x 39 cm","En diagonal, de izquierda a derecha, se abre una cascajera pegregosa bordeada de matorrales y de grandes robles, iluminada parcialmente por luces y sombras producidas por la filtración de la luz del sol entre las ramas y las frondosas copas de los árboles. A la izquierda, se abre la composición con un potente y fogoso punto de luz (Texto extractado de: Gutiérrez Márquez, A.; Carlos de Haes en el Museo del Prado 1826-1898, Madrid: Museo Nacional del Prado, 2002, p. 102).","Haes, Carlos de",Hacia  1874,Óleo,Papel pegado en cartón,"Alto: 36,7 cm;




Ancho: 39 cm",1874.0,True
https://content3.cdnprado.net/imagenes/Documentos/imgsem/30/30e5/30e5f6ab-67aa-4d01-a06f-2e6fb46303b9/0519be79-7fc4-46d4-b609-693eec6ad030.jpg,"Martí y Monsó, José",La vendimia,"1866. Óleo sobre lienzo, 91 x 203 cm","Este lienzo que presentó en la Exposición Nacional de Bellas Artes de 1867 supuso el reconocimiento público definitivo de José Martí y Monsó al recibir la tercera medalla. En La vendimia utiliza un tamaño poco frecuente hasta entonces para un tema costumbrista, además de mostrar su dominio de los recursos compositivos y luminosos, incluyendo una gran cantidad de figuras en una escena marcadamente apaisada, dispuesta casi a modo de friso. Desde entonces, su arte se dedicaría fundamentalmente a los pequeños cuadritos de asunto pintoresco y retratos de tipos (Texto extractado de Díez, J.L.: ""La pintura valenciana del siglo XIX en el Museo del Prado"", Maestros de la pintura valenciana del siglo XIX en el Museo del Prado. Museo del Prado-Autoridad Portuaria de Valencia, 1997, p. 63).","Martí y Monsó, José",1866,Óleo,Lienzo,"Alto: 91 cm;




Ancho: 203 cm",1866.0,True
https://content3.cdnprado.net/imagenes/Documentos/imgsem/30/30e8/30e8559d-9b13-4776-9c44-a9fe0afa6048/db10a04b-ad8b-4a1f-8e83-3bdf16b235a7.jpg,"Martínez Cubells, Salvador",Aparición del apóstol Santiago a santos y caballeros de las órdenes militares,"1885. Óleo sobre lienzo, 56 x 71,5 cm","Se trata de un boceto preparatorio para la decoración de la Basílica de San Francisco el Grande, en la que participó Salvador Martínez Cubells en la representación pictórica de la cúpula de la capilla de los Sagrados Corazones, de la que se han conservado algunos estudios sobre lienzo de partes de ese trabajo, todos ellos hasta 2003 desconocidos, que nos permiten imaginar el estado final de esta pintura, hoy prácticamente perdida. La composición tiene un desarrollo histórico a lo largo de la vuelta de la cúpula, y está polarizada por dos personajes que marcan diametralmente el eje de la misma; esto es, San Juan Bautista y Santiago. La figura del patrono de España aparece en este boceto preparatorio rodeado de figuras, en representación de la Aparición de Santiago a santos y caballeros de órdenes militares. En este boceto ya se distingue el resto de la composición; es decir, numerosos personajes de apariencia sacra, pero de casi imposible identificación, dispuestos casi a modo de figurantes, y de los que conservamos igualmente tres estudios particulares sobre lienzo, uno también en el Museo del Prado, Santos y obispos con caballeros de órdenes militares (P07577) y un par en la propia basílica de San Francisco, que representan Caballeros y monjes con un estandarte, y un detalle de Un monje y dos caballeros que es preparatorio para uno de los grupos de figuras que aparece en el último boceto mencionado del Prado. Este está compuesto con figuras paralelas, ordenadas por parejas reflejas. El titular, Santiago, extiende sus manos abiertas sobre las cabezas de los personajes, suplicantes de protección, a sus pies. A cada lado del santo un ángel sostiene un cayado y el otro un escudo, afirmando así su doble condición de peregrino y de guerrero. En primer término hay dos grupos de personajes, todos en actitud de expectación, cuya distribución es coincidente. En la parte interior se sitúa un par de caballeros con capa blanca, y tras ellos un grupo reducido de figuras, compuesto por otros caballeros y algún franciscano, todos de rodillas y jalonados por otro individuo en pie. En general la totalidad del grupo de estos bocetos permite hacernos una idea aproximada de cómo se esperaba el resultado de una bóveda, hoy prácticamente perdida (Texto extractado de G. Navarro, C., ""Los bocetos para la decoración de San Francisco el Grande (1880-1889""), en Boletín del Museo del Prado. Museo del Prado, 2003, pp. 72 y 79).","Martínez Cubells, Salvador",1885,Óleo,Lienzo,"Alto: 56 cm;




Ancho: 71,5 cm",1885.0,True
https://content3.cdnprado.net/imagenes/Documentos/imgsem/31/310f/310f204f-ce16-4b36-bc4e-9ef2dffaf838/0997e9a0-294a-4176-8947-0f92f2e8f866.jpg,"Goya y Lucientes, Francisco de",Carta a Martín Zapater de 25 de marzo de 1786,"1786. Pluma, Tinta ferrogálica sobre papel verjurado, 211 x 148 mm","Carta de Francisco de Goya a Martín Zapater (1746-1803), su amigo de infancia en Zaragoza, con información sobre el libramiento de cantidades para la manutención de su familia; imposibilidad de viajar a Valencia coincidiendo con el desplazamiento de Zapater; satisfacción por su estatus profesional y defensa de su libertad en el ejercicio de la pintura; recuerdos para Martín Goicoechea y pésame por el fallecimiento de José Martínez, oficial de la contaduría del catastro de Zaragoza y amigo de Zapater.","Goya y Lucientes, Francisco de",1786,Pluma; Tinta ferrogálica,Papel verjurado,"Alto: 211 mm;




Ancho: 148 mm",1786.0,True
https://content3.cdnprado.net/imagenes/Documentos/imgsem/31/313c/313c7b0d-4949-4ffe-bf26-87c559ee7e74/1099e1ca-c8ca-4aeb-8872-8a72ab59043d.jpg,"Paternina García Cid, Enrique",La visita de la madre al hospital,"1892. Óleo sobre lienzo, 150 x 208 cm","La composición se plantea en torno a la cámara de la enferma, que se presenta en ligero escorzo, en torno a la cual distribuye dos grupos de figuras, a la izquierda las protagonistas madre e hija y a la derecha la monja y la hermana, que asisten a la escena desde los pies de la cama. Con esta disposición, que genera un ritmo ligeramente diagonal que resta estatismo a la escena, el hecho de disponer a tres personajes de espaldas o en escorzo concentrando su mirada en el rostro de la verdadera protagonista del cuadro, la niña enferma, ayuda a la correcta construcción espacial del escenario. La luz incide lateralmente desde la izquierda concentrándose en el motivo principal madre e hija que destacan por el contraste producido entre las blancas sábanas y el negro vestido de la madre adornado con la mantilla y delantal de encaje blanco, algo similar sucede con las vestimentas de la monja, en el resto del lienzo la luz se va disipando suavemente. La utilización del color también acentúa este efecto con los contrastes de blanco y negro o colores oscuros frente a un fondo en tonos ocres más bien neutros. Solo destaca cromáticamente los cuadros de la falda y la cesta de naranjas tapada con un paño rojo que porta la hermana. El rigor del dibujo de raigambre académica y la sólida construcción volumétrica de las figuras gracias a la luz y el color, aplicado con una pincelada neta y contenida, contribuyen a crear una obra redonda, sin estridencias, que funciona bien en el plano pictórico y temático (Texto extractado de Dóniga Martínez, J., Arrúe Ugarte, M. B., Cerrillo Rubio, I.; Gil-Díez Usandizaga, I., Enrique Paternina García-Cid (1866-1917). La luz recobrada de un pintor cosmopolita.  Consejería de Educación, Cultura y Turismo del Gobierno de la Rioja, 2013, p. 162).Participó en la Exposición Nacional de Bellas Artes de 1892 (no893) en la que obtuvo la 2a medalla.","Paternina García Cid, Enrique",1892,Óleo,Lienzo,"Alto: 150 cm;




Ancho: 208 cm",1892.0,True
https://content3.cdnprado.net/imagenes/Documentos/imgsem/c0/c061/c0616c7f-8dc3-4339-8647-d2e68676cf2e/4144bd41-d79e-4767-bb75-c5686a0bc99e.jpg,"Sánchez, Mariano Ramón","Entrada de Granada por el puente de Deiso, hospital de San Lázaro, Albaicín hasta Sierra Nevada","1781 - 1803. Óleo sobre lienzo, 96 x 190 cm","Forma parte de una serie de 118 vistas de puertos, bahías, islas, arsenales, etc. españoles que le encargó Carlos IV en 1781, siendo Príncipe de Asturias, y le tuvo ocupado hasta 1803.","Sánchez, Mariano Ramón",1781 - 1803,Óleo,Lienzo,"Alto: 96 cm;




Ancho: 190 cm",1781.0,True
https://content3.cdnprado.net/imagenes/Documentos/imgsem/c0/c062/c062377e-0d79-4f45-aa2c-0ff237c61082/ec42170e-b6b9-4747-98d6-c1f8e683bd7f.jpg,"Madrazo y Agudo, José de",Alegoría del Mediodía,"1819. Óleo sobre lienzo, 91 x 55 cm","Segundo de los cuatro lienzos pertenecientes a la serie de alegorías de Las Horas del día (junto con P04471, P05823 y P05822), pintadas por Juna Antonio de Ribera y José de Madrazo con destino a la decoración del desaparecido palacete conocido como Casino de la Reina y regalado por el Ayuntamiento de Madrid a la reina Isabel de Braganza. Se inspiran directamente en las figuras femeninas aisladas procedentes de las pinturas de Pompeya y Herculano, popularizadas desde su descubrimiento a través del grabado. Las alegorías de las distintas horas del día forma, junto a la serie sobre Las estaciones del año para la decoración del Casino, uno de los más interesantes ciclos de este género de la pintura neoclásica española, cuyo antecedente más inmediato en España hay que buscarlo en los lienzos pintados por Mengs para el Tocador de la Reina del Palacio Real de Madrid, sin embargo de composición e iconografía bien distintas. Por el contrario los lienzos pintados por Madrazo y Ribera para el Casino son reflejo de la moda por este tipo de alegorías de ciclos temporales, emanada desde Francia en tiempos de la Revolución, retomando modelos de figuras decorativas en vuelo de la pintura y escultura clásicas romanas, especialmente los relieves de la Basilica de Porta Maggiore en Roma, que inundarían Europa con la moda imperio en pinturas y estampas de la más diversa entidad, repitiendo casi siempre esquemas compositivos muy similares, a las que tampoco son ajenos los modelos de Flaxman.El conjunto es citado en el Inventario manuscrito del pintor José de Madrazo: ""Durante su permanencia en Roma, en este segundo viaje, (...) pintó los 4 siguientes para la Casita rústica del Casino de la Reyna en Madrid. / 4 cuadros que representan cuatro horas del día, 1819; y están colocados en la expresada Casita"". (Díez, J.L.: José de Madrazo (1781-1859) 1998, pp. 275-277).","Madrazo y Agudo, José de",1819,Óleo,Lienzo,"Alto: 91 cm;




Ancho: 55 cm",1819.0,True
https://content3.cdnprado.net/imagenes/Documentos/imgsem/c0/c066/c0660e4e-5c3f-4e6c-bfb7-241070d0456f/5b9461bd-1b9c-41ac-a5f6-19c54213e4f0.jpg,"Meléndez, Luis Egidio","Bodegón con plato de acerolas, frutas, queso, melero y otros recipientes","1771. Óleo sobre lienzo, 41 x 62 cm","En este bodegón los alimentos están dispuestos en primer término: un plato con acerolas, cuyos fuertes matices rojos atraen la vista hacia el centro de la escena, acompañado, a un lado, por manzanas y una pera, y, al otro, por un gran queso blando. Los otros elementos de la composición son distintos recipientes, como dos tarros de miel de diferentes tipos de cerámica, tapados con papel, una frasca de vino, cajas de dulces y un barrilete de madera que probablemente contenga aceitunas. Sin omitir el atractivo gastronómico de los alimentos representados con tal verosimilitud, este cuadro cautiva al espectador desde el punto de vista estético por la interacción formal de unos objetos de tan variadas formas y tamaños. Meléndez ofrece también una amplia gama de contrastes de texturas, en la que la arrugada corteza del queso y el vidriado perforado del tarro del melero de cerámica de Alcora hacen resaltar, aún más, las suaves pieles de la fruta y el vidrio de la botella (Texto extractado de Garrido Pérez, Carmen y Cherry Peter, Luis Meléndez: la serie de bodegones para el Príncipe de Asturias, Museo Nacional del Prado, 2004, p. 239). 
Garrido Pérez, Carmen, Luis Meléndez: la serie de bodegones para el Príncipe de Ast, Madrid, Museo Nacional del Prado, 2004, p.238-243","Meléndez, Luis Egidio",1771,Óleo,Lienzo,"Alto: 41 cm;




Ancho: 62 cm",1771.0,True
https://content3.cdnprado.net/imagenes/Documentos/imgsem/c0/c07c/c07c1b0d-a6d9-4eef-b631-eddd96c0be78/5ea1b8ba-96eb-4175-801b-0162dcf5b183.jpg,"Lucas Velázquez, Eugenio",Encadenada,"Hacia  1850. Óleo sobre hojalata, 33 x 40 cm","Esta obra puede ser el resultado de la impresión causada por el juicio y la ejecución del cura Merino, que se llevó a cabo en 1852, como resultado del intento de regicidio de Isabel II, cuando Eugenio Lucas Velázquez comenzó una serie de pinturas sobre el proceso inquisitorial y torturas. Sus escenarios son generalmente cuevas o lugares oscuros, siniestros y subterráneos, donde se resignan los protagonistas, agotados por el peso de la injusticia. En este caso, como en otros, el autor se inspira en temas goyescos, en particular de los Caprichos. Sin seguir estrictamente los modelos de Goya, denuncia, como el aragonés, el peso de la justicia y las condenas desproporcionadas.En este caso predominan los tonos oscuros y confiere a la escena un aspecto lúgubre en el que una mujer al límite de sus fuerzas, es sujetada por una anciana detrás de ella. La lividez de la piel de la mujer la consigue con una técnica empastada. Los únicos toques de color son el chal morado, la túnica azul y la poca luz que se parece filtrar por el lateral izquierdo. La pintura viene de la Comisaría General del Servicio de Defensa y Recuperación del Patrimonio Artístico, creada inmediatamente después de la guerra civil, que la entrega al Museo Nacional de Arte Moderno. (Texto extractado de: De Greco à Picasso, Madrid: Ministerio de Cultura, 1987, p. 358).","Lucas Velázquez, Eugenio",Hacia  1850,Óleo,Hojalata,"Alto: 33 cm;




Ancho: 40 cm",1850.0,True
https://content3.cdnprado.net/imagenes/Documentos/imgsem/c0/c07d/c07de2de-666d-4a14-b8cd-56b353d24f06/0d911b0b-ac54-49bf-8f1d-c2d54798a6c1.jpg,"Rubens, Pedro Pablo",Hércules y el Cancerbero,"1636 - 1637. Óleo sobre tabla, 28 x 31,6 cm","Hércules aparece en obras de autores como Homero, Hesidodo y Peisandros de Rodas, supuesto escritor de sus doce trabajos. En este caso el episodio lo cuenta Ovidio en las Metamorfosis en el libro VII (409-419:) ""(...) Hay una oscura caverna con tenebrosa embocadura; hay un camino en pendiente, por el que el héroe de Tirinto arrastró, atándolo con cadenas de acero, a Cerbero que se resistía y apartaba sus ojos de la luz del día y de los esplendorosos rayos del sol"". El episodio muestra la lucha de Hércules en su entrada en el Hades, consiguiendo derribar al perro que custodia su entrada. Las dos figuras del fondo podrían ser los dioses Plutón y Proserpina contemplando la escena. Es una composición llena de fuerza y movimiento, donde el dramatismo se observa en el rostro totalmente desencajado del personaje del fondo o la fiereza del perro que trata de luchar contra la cadena de plata que le ha colocado Hércules. Llama la atención el diferente tratamiento que reciben las figuras del segundo plano con respecto a Hércules; mientras vemos la potente musculatura del héroe, para las figuras del segundo plano aprovecha más el soporte para crear sus cuerpos. J. Held sostiene que el tono marrón de toda la composición trata de simular el ambiente del inframundo. El lienzo final no se ha conservado. S. Alpers, autora del único estudio completo del encargo de Rubens para la Torre de la Parada hasta la fecha, considera que las únicas obras sobre la historia de Hércules que podemos conectar ciertamente con la Torre de la Parada son aquellas que aparecen inventariadas en 1700 en el lugar: La apoteosis de Hércules (P1368), El descubrimiento de la púrpura (P1845) y ésta.A pesar de que las cartas del Cardenal Infante Don Fernando de Austria a su hermano, el rey Felipe IV, no dicen nada al respecto, los bocetos conservados demuestran que Rubens se comprometió a realizar en boceto preparatorio todas las composiciones de su mano para después dejar a su taller la ejecución de los lienzos finales. Éstos, a diferencia de la gran mayoría de las pinturas, muestran la energía de Rubens a la hora de realizarlos, con trazos rápidos y esquemáticos pero muy visuales, cuidando el tratamiento de los colores para generar luces y sombras. La diferencia de la mayoría de las pinturas con respecto al boceto es la expresividad de los rostros de los personajes. Los bocetos, según J. Held y S. Alpers, aparecen por primera vez documentados en el Diccionario… de Cean Bermudez de 1800 dentro de la colección del duque del Infantado. No tenemos constancia documental de ellos en fechas anteriores, si bien se suponen en España antes de 1800. A la muerte del tercer Duque del Infantado la colección quedó dividida entre su sobrino-nieto, el futuro Duque de Osuna, y a su hijo el futuro Duque de Pastrana. Tras diversos movimientos y ventas en diferentes colecciones, que supusieron la dispersión de muchos de ellos, los bocetos entraron en el Museo del Prado como donación de la duquesa viuda de Pastrana, Dña. María Dionisia Vives y Zires. En el Catálogo de las obras decidas esta obra aparece con el título El último trabajo de Hércules. La decoración de la Torre de la Parada, en cuyo proyecto también participaron otros autores como Velázquez, fue el mayor encargo que Rubens recibió de Felipe IV. A partir de 1636 se enviaron desde Amberes a Madrid más de sesenta obras para esta casa de recreo situada en los montes del Pardo. La mayor parte de las escenas narraban las pasiones de los dioses, según fueron descritas en las Metamorfosis del poeta romano Ovidio y otras fuentes clásicas. Para llevar a cabo un proyecto tan amplio, Rubens realizó pequeños bocetos sobre tabla, donde capta la esencia moral de las historias y las actitudes de los personajes. Estos bocetos sirvieron de base para la elaboración de los lienzos definitivos.El Museo del Prado conserva diez de los bocetos de Rubens, nueve de ellos donados en 1889 por la duquesa de Pastrana, y uno adquirido en el año 2000. El Prado también conserva la mayoría de los lienzos realizados a partir de los diseños de Rubens para la decoración de este lugar (muchos de los cuadros fueron pintados por otros artistas).(Información revisada y actualizada por el Departamento de Pintura Flamenca y Escuelas del Norte del Museo Nacional del Prado, 2014).","Rubens, Pedro Pablo",1636 - 1637,Óleo,Tabla,"Alto: 28 cm;




Ancho: 31,6 cm",1636.0,True
https://content3.cdnprado.net/imagenes/Documentos/imgsem/c0/c081/c0815a99-c883-4b21-8206-8c46db1334b7/5af74a7d-8455-4817-b295-5308606c475b.jpg,"Bonito, Giuseppe",La reina María Amalia de Sajonia,"Hacia  1744. Óleo sobre lienzo, 125 x 105 cm","Forma pareja con el retrato de Carlos III (P03946), representando la soberana 20 ó 25 años de edad, pudiéndose fechar en torno a 1745. La profunda y despierta mirada expresa la viveza y espontaneidad de su genio que coincidía con el monarca y no había perdido todavía su gracia y alegrías naturales. El matrimonio solía divertirse cazando o pescando juntos, y montar a caballo era uno de los entretenimientos favoritos de la reina; su interés por la vida en contacto con la naturaleza les unió más en sus gustos comunes. La corona en este retrato se halla colocada en un segundo y discreto plano porque las funciones de gobierno siempre las ejerció el Monarca.Está vestida con un finísimo traje de corte de color gris plata y en su hombro se prende el manto real forrado de armiños. Su pecho está realzado por riquísima pedrería y sus muñecas se adornan con brazaletes de perlas, aderezándose sus cabellos con otras ricas joyas a las que tan aficionada era la Soberana. Sobre el cojín descansa la corona, la misma que utilizó Carlos III el día de su entronización en Palermo, realizada por el joyero francés Claude Imbert.","Bonito, Giuseppe",Hacia  1744,Óleo,Lienzo,"Alto: 125 cm;




Ancho: 105 cm",1744.0,True
https://content3.cdnprado.net/imagenes/Documentos/imgsem/c0/c083/c083c049-9f0d-4e56-a858-6dfd6b696a9a/9c4b0e05-c077-414c-8f0c-b6798803f486.jpg,"Leoni, Leone",Carlos V y Felipe II,Hacia  1555. Bronce.,"La estrecha relación que existe entre los retratos pintados al óleo y los que aparecen en las medallas, se debe a que en pintura se había creado el ""retrato de estado"", lográndose el difícil equilibrio entre el parecido individual y la imagen supraindividual que debía transmitirse al público: la idealización en concepto del cargo que ocupaba el efigiado y el parecido físico condicionado por un fuerte sentido familiar. La insistencia por parte del cliente a la referencia pictórica fue constante y en el caso de Leoni sus modelos fueron los retratos realizados por Tiziano de la familia imperial y de la familia real, sin descartar los apuntes que tomaba del natural. Este ejemplar fue realizado por Leoni en Milán en 1555 con motivo de la abdicación del Emperador. La imagen del Emperador recuerda a la de Carlos V después de la batalla de Mühlberg de Tiziano, aunque hay una diferencia entre ambos retratos: en el de Leoni es más un ""emperador romano"" que un ""soldado de Cristo"", defensor de la fe católica, como lo había representado Tiziano. Este mismo modelo lo hemos encontrado en otras medallas con distintos reversos, procedimiento habitual entre los medallistas. El retrato de Felipe II también se inspira en otro de Tiziano conservado en el Prado. Una palmera, uno de los árboles cosmogónicos y antropogónicos de gran importancia religiosa entre algunos pueblos de la Antigüedad, adorna el campo de reverso. Entre el abanico de significados con los que se identifica la palmera, aquí podríamos considerar el de Victoria (religiosa) y el de Generación (sucesión) (Texto extractado de: Gisbert, Ma I., El linaje del Emperador, 2000, pp. 194-195).","Leoni, Leone",Hacia  1555,Fundido,,"Diámetro: 41 mm;




Peso: 30,08 g;




Grosor: 2 mm",1555.0,True
https://content3.cdnprado.net/imagenes/Documentos/imgsem/c0/c094/c0949ea5-3fdf-4cb4-8ae9-046833d1bce7/11cb90c2-5081-4877-b9f0-8377036ba61e.jpg,"Tristán, Luis",San Antonio Abad,"Siglo XVII. Óleo sobre lienzo, 167 x 110 cm","San Antonio fue un anacoreta nacido en los confines de la Tebaida hacia el año 250 de nuestra era; practicó una vida de total desapego a los bienes terrenales y durante veinte años se retiró a una gruta donde se entregó a la oración y la penitencia. Los rigores de su retiro llegaron a convertir a San Antonio en el ermitaño por excelencia, cuyo ejemplo fue seguido por otros cristianos. Luis Tristán (hacia 1590-1624) se formó inicialmente en el taller de El Greco, durante los años de 1603 y 1606. Del pintor cretense tomará algunos aspectos fundamentales de su pintura, especialmente un tono manierista en la representación de las figuras, alargadas y de trazado nervioso; a veces es incluso un divulgador de tipos y composiciones salidas de la invención de El Greco, aunque siempre tamizadas por un marcado naturalismo, un tono descriptivo en todos los detalles, que responde a la absorción de otras corrientes impuestas en la pintura toledana y madrileña en la década inicial del siglo XVII. En la iluminación de sus obras se escapa de la órbita delirante de El Greco en sus años finales, momento en que se vinculó Tristán al taller de Theotocopulos, aproximándose más a los efectos tenebristas de los primeros caravaggistas, a los que pudo conocer en Italia, a donde llegó en 1606 para permanecer hasta 1611. Pero además de esta formación italiana, no muy frecuente ya para los artistas españoles una vez iniciado el siglo XVII, Tristán recibió nuevos estímulos una vez regresado a suelo hispano. Carducho, Gajes y Juan Bautista Maino, todos ellos ligados a las novedades pictóricas italianas, agrandaron el repertorio formal de Tristán. San Antonio Abad debe ser visto sobre todo como una buena representación de la simbiosis pictórica del pintor. Sin abandonar del todo las composiciones tomadas de El Greco (el eco de San Jerónimo reconcentrado en su retiro penitencial es evidente), Tristán desarrolla una obra de marcado naturalismo, donde iluminación, expresividad y notas realistas dan prueba de la sintonía con la pintura imperante en el Madrid del primer cuarto del siglo, especialmente con la de Bartolomé Carducho. Aunque desconocemos el destino inicial de esta tela, la suponemos procedente de Toledo, de donde debió de llegar para formar parte del Museo de la Trinidad, creado en el siglo XIX para custodiar las obras procedentes de las iglesias y monasterios de las provincias próximas a Madrid que fueron desamortizados en 1835. 
Esplendores de Espanha de el Greco a Velazquez, Rio Janeiro, Arte Viva, 2000, p.185","Tristán, Luis",Siglo XVII,Óleo,Lienzo,"Alto: 167 cm;




Ancho: 110 cm",1590.0,True
https://content3.cdnprado.net/imagenes/Documentos/imgsem/01/0129/01290d50-4df6-4115-9d31-0908c8768506/b64bdb67-b8f2-4f27-90da-a6a685221d5c.jpg,"Rico y Ortega, Martín",Granada,"1871. Óleo sobre tabla, 9,8 x 16,5 cm","Martín Rico fue uno de los primeros artistas españoles en pintar directamente del natural. Además su deseo de captar la realidad de la manera más inmediata le llevó a realizar gran número de dibujos y, con menor asiduidad, apuntes al óleo. Granada es un estudio del natural realizado en 1871 durante su estancia con Mariano Fortuny y Ricardo de Madrazo en dicha ciudad. Como en otras obras y apuntes dibujados, es característica la agrupación en un friso de figuras diminutas y numerosas. En este caso son dieciséis, captadas con colores vibrantes y pincelada con ricos empastes. Esa limpidez del color y la precisión y seguridad del toque pictórico son características de su cambio de estilo en el periodo que transcurrió en la capital andaluza, que da inicio a la etapa de mayor interés del artista (Texto extractado de Barón, J.: Museo Nacional del Prado, Memoria de Actividades 2016, pp. 94-96).","Rico y Ortega, Martín",1871,Óleo,Tabla,"Alto: 9,8 cm;




Ancho: 16,5 cm",1871.0,True
https://content3.cdnprado.net/imagenes/Documentos/imgsem/01/0196/0196bd93-f3c2-4a93-982b-4c064753a9b8/af2ff571-8527-4399-b7cf-7d1dd37990f7.jpg,"Castillo, José del",La naranjera y un majo junto a la Fuente del Abanico,"1779. Óleo sobre lienzo, 267 x 95 cm","Forma parte de la serie de cartones para tapices encargados a José del Castillo en abril de 1777 para la decoración del tocador de la Princesa de Asturias, la futura reina María Luisa, en el Palacio del Pardo. Castillo entregó el cartón a la Real Fábrica de Tapices el 22 de julio de 1779 y lo describió en su factura como ""una naranjera recostada sobre una cesta con naranjas, puesta en jarras, mirando a dos tunos, que recostados a una esquina y picando el uno tabaco, y el otro alargándole el papel, le dicen algún requebrajo"". En el Museo del Prado se conservan otros ejemplos de la misma serie (P5521, P3933, P3934, P3935, P3534, P3311, P3312, P3313, P3314).","Castillo, José del",1779,Óleo,Lienzo,"Alto: 267 cm;




Ancho: 95 cm",1779.0,True
https://content3.cdnprado.net/imagenes/Documentos/imgsem/03/03ac/03aca1f0-8cf3-4f8e-8df9-f10c9964446a/8a4ccdcc-17ec-4172-9681-cec657d36b37.jpg,Maestro de Perea,La Visitación,"Hacia  1500. Óleo sobre tabla, 176 x 155 cm","Escena bíblica del Nuevo Testamento (Lucas 1, 39-56) que relata el pasaje en el que la Virgen María, embarazada de Jesús y acompañada por San José, acude a visitar a su prima Isabel, embarazada de San Juan. Al fondo aparece el momento inmediatamente anterior a la escena principal, la Virgen y San José, dirigidos por dos ángeles, de camino hacia la casa de Isabel y de su esposo Zacarías. El formato alargado de la composición facilita el desarrollo de la narración. Los diferentes elementos arquitectónicos, los adornos y los detalles pertenecen ya al nuevo estilo renacentista, pese a las influencias de los modelos flamencos que todavía guardan las figuras, y la presencia del oro del gusto de los clientes valencianos, ya que aumenta la riqueza del conjunto, ajena al arte renacentista.",Maestro de Perea,Hacia  1500,Óleo,Tabla,"Alto: 176 cm;




Ancho: 155 cm",1500.0,True
https://content3.cdnprado.net/imagenes/Documentos/imgsem/64/6469/6469ab32-b795-4bc5-96b3-439fab6409e0/f3c67706-dc9b-45af-b20a-01268dde93a7.jpg,"Goya y Lucientes, Francisco de",El niño del árbol,"1780. Óleo sobre lienzo, 262 x 40 cm","Dos niños juegan junto a un árbol, uno sujeta una rama, mirando hacia lo alto, como para sacudirla con fuerza, mientas el otro, al fondo, lleva una cesta, tal vez para recolectar frutas o huevos de pájaros recogidos por su compañero. Su formato vertical, elevado en altura, revela que estaba destinado a una rinconera, junto a una puerta o ventana, como el cartón del Muchacho del pájaro (P00790 ).El tapiz resultante estaba destinado a la decoración del antedormitorio de los príncipes de Asturias (el futuro Carlos IV y su mujer María Luisa de Parma) en el Palacio de El Pardo de Madrid. La serie de la que formaba parte, fechada entre 1777 y 1780, estaba compuesta por trece cartones de asuntos variados, de los cuales diez se guardan en el Museo del Prado (P00743, P00778, P00785-P00792).","Goya y Lucientes, Francisco de",1780,Óleo,Lienzo,"Alto: 262 cm;




Ancho: 40 cm",1780.0,True
https://content3.cdnprado.net/imagenes/Documentos/imgsem/64/646d/646d495c-76ea-4e13-942c-b9e34b569906/0ef2aef4-f66b-45fc-b82b-76084a8b9c8a.jpg,Obra copiada de Guercino,San Juan Bautista,"1645 - 1670. Óleo sobre lienzo, 65 x 51 cm","San Juan Bautista aparece representado de medio cuerpo. La obra copia la composición análoga de Guercino, datada hacia 1645, que conserva la Pinacoteca Capitolina de Roma (inv. PC 286), donde ingresó en 1748 con la compra de la colección Sacchetti. Pérez Sánchez (1965) la consideró erróneamente copia de Guido Reni. (Información actualizada por el Departamento de Pintura Italiana y Francesa hasta 1800 el 20/10/2021)",Obra copiada de Guercino,1645 - 1670,Óleo,Lienzo,"Alto: 65 cm;




Ancho: 51 cm",1645.0,True
https://content3.cdnprado.net/imagenes/Documentos/imgsem/64/6472/64723635-9085-444c-aed9-c05259fc72e2/d0657b1a-e4a7-40e7-b436-1c23906f269e.jpg,"Beruete, Aureliano de",Grindelwald,"1907. Óleo sobre lienzo, 56 x 81 cm","Aureliano de Beruete fue uno de los escasos pintores españoles que abordó el paisaje de alta montaña. Para el artista madrileño la sierra de Guadarrama fue su paisaje montañoso predilecto, pues la consideraba el corazón o la espina dorsal de España. Es posible que también viera en los Alpes, a su vez, el corazón de Europa. Por otra parte, Beruete representaba lo que veía, pero procuraba que el punto de vista elegido fuera relevante para que la composición resultara significativa y pudiera transmitir con sutileza su particular visión. Los veranos de 1905, 1906 y 1907 acudió a la aldea de Grindelwald, en el Oberland de Berna (Suiza), donde se hospedaba en el Hôtel de l’Ours. Desde allí había ferrocarril hasta el puerto de la Kleine Scheidegg, situado a una altura de 2.064 metros, con una vista excelente sobre las cumbres. Esta obra sería uno de los trece “estudios grandes” que realizó en esos nueve días, lo que indica que pudo ser fruto de una sola jornada, en la que seguramente abordaría algún trabajo más. La frecuentación del motivo en los años anteriores le había familiarizado sin duda con las soluciones a aplicar, mientras que la ejecución, muy rápida, de pinceladas alargadas y fluidas, denota la certidumbre acerca de los procedimientos pictóricos que debía emplear. El trabajo al aire libre, el asedio a los mismos motivos desde puntos de vista similares, o la captación del tono que aquí tiñe la nieve atestiguan su original interpretación de los recursos impresionistas y su práctica de registrar el color local. Sin embargo, a diferencia de la técnica empleada por los pintores franceses, basada en toques analíticos y regulares de pincel, la de Beruete evidencia una gran libertad, debido a la significativa variedad de pinceladas que utilizaba. Fruto de ese trabajo concentrado ante el motivo es la similitud de encuadre en varias de sus obras. Se ha mantenido como título el que el propio artista escribió a lápiz en el bastidor, junto a la fecha. 
Barón, J, 'Aureliano de Beruete y Moret. Grindelwald'. En: Donación Hans Rudolf Gerstenmaier al Museo del Prado, Madrid, Museo Nacional del Prado,, 2019, p.n.2, p.26-29","Beruete, Aureliano de",1907,Óleo,Lienzo,"Alto: 56 cm;




Ancho: 81 cm",1907.0,True
https://content3.cdnprado.net/imagenes/Documentos/imgsem/64/647e/647e8015-b690-44f6-bb3f-a4724377734e/ba99a65b-5750-40e1-8dcd-71b52cd7e19b.jpg,"Aparicio e Inglada, José",Francisco Copons y Navia,"Hacia  1815. Óleo sobre lienzo, 62 x 52 cm","Retrato del militar Francisco de Paula Copons y Navia, conde de Tarifa (1764-1842).","Aparicio e Inglada, José",Hacia  1815,Óleo,Lienzo,"Alto: 62 cm;




Ancho: 52 cm",1815.0,True
https://content3.cdnprado.net/imagenes/Documentos/imgsem/64/6484/64841585-9e66-4f85-8912-93e041b16733/89af1bd8-c69c-4c70-bd6a-9ce893b81490.jpg,"Haes, Carlos de",Marina (Villerville),"1877 - 1884. Óleo sobre lienzo sobre tabla, 31 x 40,5 cm","A la izquierda, restos de una empalizada desvencijada que se adentra en la orilla del mar. Una ola rompe en la orilla arrastrando piedras y arena. Un tercio del cuadro lo ocupa un cielo muy empastado (Texto extractado de: Gutiérrez Márquez, A.; Carlos de Haes en el Museo del Prado 1826-1898, Madrid: Museo Nacional del Prado, 2002, p. 284).","Haes, Carlos de",1877 - 1884,Óleo,Lienzo sobre tabla,"Alto: 31 cm;




Ancho: 40,5 cm",1877.0,True
https://content3.cdnprado.net/imagenes/Documentos/imgsem/19/199f/199f1bb6-deac-43e9-b663-345121c4fb42/481baafc-2909-4438-bb64-a962ad41b5fc.jpg,"Haes, Carlos de",Bajamar (Guéthary),"Hacia  1881. Óleo sobre lienzo pegado a lienzo, 36 x 59,5 cm","En primer término, estratos de rocas que asoman sobre la arena. Ya sobre el agua, más rocas en medio de la rompiente de las olas. En la lejanía, mar y línea del horizonte con un perfil de costa a la derecha. Haes retoma el motivo de estas mismas rocas, aunque ligeramente cambiado el punto de vista, en el dibujo (D5205) también de esta misma donación. También Jaime Morera recoge en su Playa de Guetary (estudio) del Museo Jaime Morera de Lérida este mismo motivo. Es de suponer que ambos pintores, maestro y discípulo, en sus largas jornadas de convivencia y trabajo, se impusieran, a veces como ejercicio o a veces incluso como reto profesional y amistoso entre ellos, la plasmación del mismo tema sugestivo (Texto extractado de: Gutiérrez Márquez, A.; Carlos de Haes en el Museo del Prado 1826-1898, Madrid: Museo Nacional del Prado, 2002, p. 208).","Haes, Carlos de",Hacia  1881,Óleo,Lienzo pegado a lienzo,"Alto: 36 cm;




Ancho: 59,5 cm",1881.0,True
https://content3.cdnprado.net/imagenes/Documentos/imgsem/19/19b8/19b88118-baec-47ee-bb53-b899ec4d4eb6/6578f227-88cf-49b7-8a30-05a9dce84792.jpg,"Bayeu y Subías, Ramón","Fernando VII, niño","1792 - 1793. Óleo sobre lienzo, 153 x 98 cm","Representa a Fernando VII niño de unos ocho o nueve años, en traje azul con faja roja y condecorado con el Toisón de Oro y las insignias de la Orden de Carlos III, en concreto la gran cruz y la banda nueva con sus tres fajas iguales establecida en junio de 1792. Atribuido a Antonio Carnicero (1748-1814) en el inventario del Palacio Real de 1814 y a Joaquín Inza (1736-1811) a su ingreso en el Museo en 1847, Arturo Ansón Navarro (2012) atribuyó el retrato a Ramón Bayeu por motivos estilísticos y por su relación documental con una serie de retratos de la familia real pintados por Bayeu hacia 1791.Según estos documentos, Ramón Bayeu, nombrado pintor de cámara el 20 de abril de 1791, pintó en ese año y en el Real Sitio de Aranjuez los retratos de varios hijos de Carlos IV y la reina María Luisa. En estas fechas estaban vivos seis de los hijos de los reyes, uno de los cuales, la infanta Carlota Joaquina (1775-1830), reina de Portugal desde 1785, ya se había marchado de la corte española. Los demás eran las infantas María Amalia (1779-1798) y María Luisa (1782-1824), el príncipe Fernando (1784-1833), el infante Carlos María Isidro (1788-1855) y la infanta María Isabel (1789-1848).A algunos de estos retratos se refirió Livinio Stuyck, director de la Real Fábrica de Tapices, en un memorial dirigido a Carlos IV el 13 de abril de 1791, en el que se quejó de la escasez de cartones para tapices y de la inactividad de Ramón Bayeu en ese trabajo, y comunicó que Bayeu se excusó “que se halla ocupado con los retratos de las Sereníssimas Señoras Infantas”, además del cuadro del altar de las Escuelas Pías de Lavapiés (Ansón Navarro 2012, p. 181). Además, Francisco Bayeu, en carta al conde de Lerena de la primera quincena de mayo de 1791, le pidió mediación para que el rey aumentase el sueldo de su hermano Ramón y mencionó explícitamente, como mérito especial, que “vieron Sus Majestades los retratos que ha hecho mi Hermano y les gustaron mucho, y le mandaron hacer los demás de su Real Familia” (Ansón Navarro 2012, p. 181). El 22 de julio de 1791 Ramón Bayeu fue nombrado pintor de cámara efectivo con un sueldo aumentado de 15.000 a 20.000 reales de vellón.Finalmente, se registran “los retratos de las personas reales” en factura entregada por Ramón Bayeu el 30 de junio de 1791 de los “gastos de colores, pago de moledor y demás causados durante la jornada de Aranjuez del presente año de 1791” (Archivo General de Palacio, Reinados, Carlos IV, Casa, leg. 50, exp. 1). De esta documentación se deduce que Ramón Bayeu retrató primero a las infantas María Amalia (P-6146) y María Luisa (Patrimonio Nacional) y después, una vez recibido el visto bueno de los reyes, a “los demás de las personas reales”, en concreto al infante Carlos María Isidro (P-4719), a la infanta María Isabel (P-4718) y al príncipe Fernando. El diseño de la banda de la Orden de Carlos III que lleva éste último en su retrato, así como el fallecimiento de Ramón Bayeu el 1 de marzo de 1793 permite fechar el retrato entre junio de 1792 y principios de 1793.","Bayeu y Subías, Ramón -Pintor-",1792 - 1793,Óleo,Lienzo,"Alto: 153 cm;




Ancho: 98 cm",1792.0,True
https://content3.cdnprado.net/imagenes/Documentos/imgsem/19/19ba/19ba4e46-4509-4ae0-80d8-894541c9a8e4/15d1753d-711e-40fb-87c7-51a0fd769994.jpg,"Madrazo y Agudo, José de","Josefa Tudó con sus hijos Manuel y Luis Godoy, en un jardín","Hacia  1812. Óleo sobre tabla, 20 x 16 cm","Este retrato de grupo de Josefa Tudó (1779 – 1869) 1a condesa de Castillo Fiel, con sus dos hijos, Manuel y Luis, en torno al busto del padre de ambos, Manuel Godoy (1767 – 1851), es la formulación artística, en clave alegórica, de una atípica realidad familiar. Realizado durante el exilio romano del valido de Carlos IV, sintetiza el gusto por la cultura clásica que compartieron Madrazo y Godoy e introduce en las colecciones del Museo del Prado la singular imagen de una familia que, en términos generales, padeció una complicada escenificación de sus relaciones en la corte, y de la que apenas si pueden señalarse ejemplos que representen juntos a todos sus miembros. El cabeza de familia, Manuel Godoy, casó con María Teresa de Borbón Vallabriga (1780– 1828), condesa de Chinchón, para emparentar definitivamente con la familia real española, aunque se mantuvo siempre unido sentimentalmente a Pepita Tudó; de ella no se separó hasta su muerte, pero no pudo desposarla hasta 1829, después del fallecimiento de su primera esposa en París y cuando Luis, el hijo pequeño que había tenido con Tudó, ya había fallecido. Al calor de la retratística europea del momento, Madrazo representó a Josefa encarnando a una deidad clásica; con el pecho izquierdo al descubierto, sosteniendo una flecha y un carcaj que ha quitado de las manos a su hijo menor, retratado como Cupido, cabe suponer que la imagen de Tudó aluda quizá a Filía –que suele representarse con un seno descubierto–, lo que permitiría identificar el retrato del hijo mayor como una personificación de Agape, la tercera forma del amor defendida por Platón en El Banquete y en otros escritos sobre su teoría del amor, lo que convertiría de inmediato a esta pequeña obra en una reflexión sobre la naturaleza de ese sentimiento en clave platónica. Pero cabe también la posibilidad de que Tudó encarne en realidad a la propia Afrodita, que a veces muestra un solo pecho, por lo que la figura del hijo mayor cambiaría de identidad para encarnar quizá a Psique –lo que concordaría tanto con las alas de mariposa que este luce, como con la mayor edad de Manuel sobre la de su hermano, que personifica al pequeño Cupido–, y por lo tanto la obra estaría inspirada en la conocida leyenda de Apuleyo. Más allá de la fuente literaria inspiradora de esta singular iconografía, lo que sí parece claro es que se trata de un logogrifo sobre el amor para justificar la representación familiar de este grupo, lo que remite a los intereses más particulares de Godoy, destinatario probable de esta obra y que aparece ambiguamente –adorado en forma de busto–, al fondo de la composición. El Museo del Prado conserva un dibujo de José de Madrazo estrechamente relacionado con este retrato de grupo (D8417) y una reproducción en miniatura (O3391). Las edades de los niños Godoy Tudó, nacidos en 1805 y 1807 respectivamente, permiten fechar esta obra en torno al año de 1812, cuando el más pequeño estaba cercano a los cinco o seis años de edad, según aparenta en el retrato. Por otro lado, el rostro de la madre coincide exactamente tanto en sus rasgos como en su peinado con otro retrato de ésta dama ante un paisaje, realizado por José de Madrazo que, fechado en 1813. El empleo de fuentes iconográficas clásicas permitió representar a toda la familia en una obra de arte; para ello Madrazo no hizo sino seguir una corriente neoclásica europea. Esta composición entronca además con la costumbre ilustrada de aludir a la veneración al padre mediante la presencia del busto al fondo, aquí coronado de flores, evitando así ser representado interaccionando con una familia que, aun siendo la suya, no podía reconocer. 
G. Navarro, Carlos, ""Josefa Tudó con sus hijos Manuel y Luis Godoy, en un jardín"" en Memoria de actividades 2016, Madrid, Ministerio de Educación, Cultura y Deporte, 2017, p.70-72","Madrazo y Agudo, José de",Hacia  1812,Óleo,Tabla,"Alto: 20 cm;




Ancho: 16 cm",1812.0,True
https://content3.cdnprado.net/imagenes/Documentos/imgsem/ae/aebf/aebfda53-3824-45f2-b316-eb15212f0b74/0b989464-3a20-46c8-9548-9eff9e7ff221.jpg,"Lengo Martínez de Baños, Horacio",Leonora,"Antes de  1887. Óleo sobre lienzo, 145 x 83 cm","Se evoca en este lienzo, alegóricamente, el personaje de Leonora, dama enamorada del joven caballero Manrique, protagonistas ambos del drama El Trovador de Antonio García Gutiérrez, que inmortalizó la música de Giuseppe Verdi. En este caso, encarna a la doncella una paloma blanca, asomada a un alfeizar árabe para escuchar las trovas de su amado. Envuelta en la cascada de rosas que caen de un magnífico jarrón de cerámica vidriada -también alusivo a la naturaleza árabe del Palacio de la Aljafería de Zaragoza, designado en la obra como residencia de la dama-, junto a ella puede verse una pandereta adornada con un lazo de raso, probable alusión velada a la misteriosa procedencia de Manrique, hijo de la gitana Azucena.
El mundo literario en la pintura del siglo XIX del Museo del, Madrid, Centro Nacional de Exposiciones y Promoción Artística, 1994, p.166","Lengo Martínez de Baños, Horacio",Antes de  1887,Óleo,Lienzo,"Alto: 145 cm;




Ancho: 83 cm",1887.0,True
https://content3.cdnprado.net/imagenes/Documentos/imgsem/ae/aec4/aec4b2ab-e6b7-44e1-b2b6-c92d114ac89a/02dc7dab-32ca-4965-9ff4-10b65098d3d4.jpg,"Álvarez de Sotomayor y Zaragoza, Fernando",Alfonso XIII,"Hacia  1940. Óleo sobre lienzo, 65 x 50 cm","Estudio de la cabeza del monarca, quizá preparatorio para el retrato de Alfonso XIII (Madrid, 1886-Roma, 1941), rey de España (1886-1931) con el hábito de gran maestre de las Órdenes Militares, actualmente en paradero desconocido, pintado poco antes de la muerte del rey.","Álvarez de Sotomayor y Zaragoza, Fernando",Hacia  1940,Óleo,Lienzo,"Alto: 65 cm;




Ancho: 50 cm",1940.0,True
https://content3.cdnprado.net/imagenes/Documentos/imgsem/ae/aec8/aec8373f-f502-4095-9c8f-d61b8b2fffc1/e778719a-2d71-41ce-80d5-b8de01440823.jpg,Rafael,"Sagrada Familia con Rafael, Tobías y San Jerónimo, o Virgen del pez","1513 - 1514. Óleo sobre tabla pasada a lienzo, 215 x 158 cm","La Virgen María sostiene al Niño Jesús en su regazo sentada sobre un trono con San Jerónimo a la derecha vestido de cardenal, leyendo la Vulgata (la Biblia que él mismo tradujo al latín) y acompañado de su símbolo el león, y a la izquierda, el Arcángel Rafael con Tobías, quien sostiene el pez con el que sanará la ceguera de su padre. Esta obra es conocida como La Virgen del pez, y fue encargada por Geronimo del Doce para la capilla de Santa Rosalía del Monasterio de San Domenico en Nápoles. El uso del color y la maestría de la composición, que tras su aparente sencillez esconde complejas formas triangulares, rectangulares y diagonales, remiten a la Estancia de Heliodoro que Rafael Sanzio pintó en el Vaticano. Se conservan dibujos preparatorios para esta obra en la Galleria de los Uffizi en Florencia y en la National Gallery of Scotland en Edimburgo. Esta pintura fue adquirida por el virrey de Nápoles para Felipe IV (1605-1665), y tras un breve paso por la capilla del Alcázar ingresó en 1645 en el Monasterio de El Escorial, de donde pasó a las colecciones del Museo del Prado.",Rafael,1513 - 1514,Óleo,Tabla pasada a lienzo,"Alto: 215 cm;




Ancho: 158 cm;




Peso: 125 Kg",1513.0,True
